<?xml version='1.0' encoding='utf-8'?>
<root>
    <world>
        <background backgroundRect="0:0:0:0"/>
        <walls>
            <wall end="0:200" begin="0:0" id="{040de144-7a6f-4afb-aac7-f4be1da696ed}"/>
            <wall end="1400:800" begin="1200:800" id="{08b6d0a6-af74-4fca-8a80-9aaabf47bd5c}"/>
            <wall end="1400:200" begin="1200:200" id="{0a593dfe-e2e3-4db5-a44a-94ea722cc61d}"/>
            <wall end="350:1400" begin="200:1400" id="{0c14da03-43c2-420b-b7e2-350ef68e383f}"/>
            <wall end="400:800" begin="400:600" id="{1966207d-be96-4c9c-a807-21589d8fc5b0}"/>
            <wall end="1200:1200" begin="1200:1400" id="{1b388fbd-e5e0-4793-825a-ae388b17964d}"/>
            <wall end="600:600" begin="600:400" id="{1dc68a12-339b-4c47-b1a0-7d0302395643}"/>
            <wall end="0:1200" begin="0:1000" id="{1f62c201-8723-425c-99e0-7fc78d10d47e}"/>
            <wall end="1000:1400" begin="800:1400" id="{25dd8e73-52d0-433a-80d5-10a1098ae7c7}"/>
            <wall end="1000:0" begin="800:0" id="{2874bbda-b5e5-4260-863d-0147f6292377}"/>
            <wall end="1400:400" begin="1400:600" id="{3c0fc77d-99bf-4596-9ff2-bcc22a000dec}"/>
            <wall end="200:1000" begin="400:1000" id="{40816494-e490-4112-a84b-6827411fc64f}"/>
            <wall end="200:1400" begin="200:1600" id="{448d7415-a1d6-4449-ab18-6cd8c70fc077}"/>
            <wall end="800:800" begin="600:800" id="{48ede5a9-783a-437c-b6d4-c95cf358937f}"/>
            <wall end="1200:400" begin="1600:400" id="{4a9c4751-25ed-45a5-b72b-ed02a1d99525}"/>
            <wall end="1200:1400" begin="1400:1400" id="{4d963a03-6f84-409d-a9d7-16da88094f98}"/>
            <wall end="350:1600" begin="0:1600" id="{4eea2523-0262-471e-80a8-c6b7aa153b01}"/>
            <wall end="400:1200" begin="0:1200" id="{4fd88121-0b81-42f2-9dea-f5f677aa0c69}"/>
            <wall end="1400:1000" begin="1400:800" id="{5666c708-c4f6-47b0-a1bc-d1ea861e7ce6}"/>
            <wall end="1600:0" begin="1200:0" id="{56b522a3-5c7c-46e2-bfbc-cd9c2ff7b09e}"/>
            <wall end="800:400" begin="1000:400" id="{56d86238-8521-494b-84cf-3b0703950e0b}"/>
            <wall end="0:400" begin="0:200" id="{58e93446-e01b-4467-ac81-aa74f657032d}"/>
            <wall end="800:1200" begin="1000:1200" id="{599c27b5-7a59-463c-9fd8-78c1b0d60e74}"/>
            <wall end="350:1600" begin="1600:1600" id="{6259eff6-f304-44b2-adaa-7a0cb6e9b25f}"/>
            <wall end="0:1000" begin="0:800" id="{66fbb1bc-9b68-4372-b662-0df09cdcfce7}"/>
            <wall end="400:1000" begin="400:1200" id="{676d673a-5c1c-4b3e-94c9-2b52fe9e7af5}"/>
            <wall end="0:600" begin="0:400" id="{69c7c389-2d66-4f30-b457-0b97ce171f1d}"/>
            <wall end="1600:400" begin="1600:0" id="{6c9a8506-c0dc-48bb-97c2-f6b87eb73d07}"/>
            <wall end="4400:3200" begin="1200:3200" id="{72ae5ff8-5f50-414f-8a74-bdf530ed760c}"/>
            <wall end="200:200" begin="200:400" id="{789998a4-66d3-4b75-a0f1-fc374acc6a6f}"/>
            <wall end="600:400" begin="600:200" id="{79b5d10f-39c2-4f7c-9fd9-3eb2699b4f44}"/>
            <wall end="800:0" begin="600:0" id="{89bde907-f287-4caf-81c2-51a4ac98550f}"/>
            <wall end="0:800" begin="0:600" id="{8d7fa5f1-3d4c-42aa-b34f-e90ebfeb39f9}"/>
            <wall end="400:0" begin="200:0" id="{8e0cb31e-f24f-41ce-b44a-37951d29d651}"/>
            <wall end="800:1000" begin="800:1200" id="{8e9f8a60-22e1-4358-a148-27b85a957b1a}"/>
            <wall end="800:1200" begin="600:1200" id="{8ffe3673-06cd-4e38-9504-b5794adea4da}"/>
            <wall end="400:1600" begin="400:1400" id="{911eb093-1be6-4c8e-9835-8d1ea7606354}"/>
            <wall end="1200:800" begin="1200:1000" id="{92ad181d-f79c-4e2f-a986-1725831389e9}"/>
            <wall end="600:1200" begin="600:1000" id="{9354eb41-4fd1-464b-8153-a84c5ac88581}"/>
            <wall end="1400:0" begin="1400:200" id="{951d413b-d67d-4e1a-adbf-cec5a649cd35}"/>
            <wall end="400:200" begin="200:200" id="{98dabd18-a080-4e28-b9d1-129721b2c67b}"/>
            <wall end="600:1000" begin="800:1000" id="{9b04c6bb-0e01-4bb4-ae65-7f7aea87c419}"/>
            <wall end="1000:400" begin="1000:200" id="{9fcd364e-1aa1-4f37-a8db-8ff676f4d383}"/>
            <wall end="200:0" begin="0:0" id="{aaabe6ec-8c84-4d9e-a005-99b5fb37d153}"/>
            <wall end="1600:400" begin="1600:1000" id="{aef47fd5-ed95-41a8-9833-c4b7753c015a}"/>
            <wall end="800:800" begin="800:600" id="{b0d27649-3378-4ae5-bac4-f6ae3ed032eb}"/>
            <wall end="0:600" begin="400:600" id="{b1d06993-5d15-438d-b18d-00cfc1997553}"/>
            <wall end="1000:1200" begin="1000:1400" id="{b4c10b66-32ec-4048-adb0-d20ac524d84b}"/>
            <wall end="200:800" begin="400:800" id="{b89afd2f-a716-4d38-8cf6-958a50410c69}"/>
            <wall end="1200:0" begin="1200:200" id="{b91dbaaa-a8c1-43ae-8ac0-a4eb7286045b}"/>
            <wall end="1400:600" begin="1200:600" id="{b991d342-87fa-4147-9b01-d58d46dbf105}"/>
            <wall end="600:800" begin="600:600" id="{be886d58-9c7f-489c-af71-bb66f834fa78}"/>
            <wall end="1000:800" begin="800:800" id="{bf89c352-d738-425d-b21d-f3eceac55630}"/>
            <wall end="1400:1200" begin="1200:1200" id="{bfd3ecf9-da76-4b8d-9fee-7fe9e8fefa56}"/>
            <wall end="200:1200" begin="200:1000" id="{c07a1bd3-04b0-49fa-a0f3-666f2595f353}"/>
            <wall end="1200:1400" begin="1000:1400" id="{c3c2f915-2cbe-453b-afc0-0d19147e0cb0}"/>
            <wall end="400:1400" begin="350:1400" id="{c408aa3b-2c76-437c-9f59-a69fcb3d8ceb}"/>
            <wall end="200:600" begin="200:800" id="{c8569bfa-2a53-431c-bb1e-b903053013b2}"/>
            <wall end="1200:0" begin="1000:0" id="{d8f2ac0c-c426-4ca9-83fa-72ad0733dbbc}"/>
            <wall end="1200:600" begin="1200:400" id="{d99630c8-d65f-4f08-be3d-65645cf96a5d}"/>
            <wall end="800:200" begin="800:400" id="{db8a70ee-85bb-4e3d-8cd2-e0057a1c2502}"/>
            <wall end="1600:1600" begin="1600:1000" id="{de654a82-30ad-4296-a1ad-40e07030a493}"/>
            <wall end="800:600" begin="1000:600" id="{df0c339b-2932-4ea9-b5af-c9b6cdad3023}"/>
            <wall end="200:400" begin="400:400" id="{df4afcf7-f7d5-4849-9ab9-292575947c79}"/>
            <wall end="1600:1000" begin="1400:1000" id="{e344dceb-83cb-4f87-948e-d36c07de3812}"/>
            <wall end="0:1600" begin="0:1200" id="{e3ba069f-ad0c-4960-b795-84e15d9027a5}"/>
            <wall end="1000:600" begin="1000:800" id="{e736dc7f-cc63-4a83-9679-4045bbdb0824}"/>
            <wall end="1200:1000" begin="1400:1000" id="{ea9a9717-5b90-48c6-afda-14fb90c7e991}"/>
            <wall end="800:1400" begin="800:1200" id="{eaff1d13-32a1-4b13-876e-27ce2a745616}"/>
            <wall end="400:400" begin="400:200" id="{ecd84de7-619a-4258-81e9-a1189959fd3f}"/>
            <wall end="1000:200" begin="600:200" id="{f1aa06fa-6fbc-41bc-83a1-30a9de0a80ac}"/>
            <wall end="1400:1400" begin="1400:1200" id="{f59751a1-045f-49e2-bc71-338f51a8fbed}"/>
            <wall end="600:0" begin="400:0" id="{fbbf6aa2-2e72-43a3-8451-3f44f080826f}"/>
        </walls>
        <colorFields/>
        <images/>
        <regions>
            <region type="rectangle" filled="true" x="200" y="1200" visible="true" height="200" width="200" textX="0" id="start" color="#0000ff" text="Start" textY="0"/>

            <region type="rectangle" filled="true" x="800" y="1000" visible="true" height="200" width="200" textX="0" id="finish" color="#ff0000" text="Finish" textY="0"/>

        </regions>
    </world>
    <robots>
        <robot direction="0" position="275:1275" id="trikKitRobot">
            <sensors>
                <sensor direction="90" type="trik::robotModel::parts::TrikInfraredSensor" position="25:25" port="A2###input###А2###sensorA2"/>
                <sensor direction="-90" type="trik::robotModel::parts::TrikInfraredSensor" position="25:25" port="A1###input###А1###sensorA1"/>
                <sensor direction="0" type="trik::robotModel::parts::TrikSonarSensor" position="25:25" port="D1###input######sensorD1"/>
                <sensor direction="180" type="trik::robotModel::parts::TrikSonarSensor" position="25:25" port="D2###input######sensorD2"/>
            </sensors>
            <startPosition direction="0" y="1300" x="300" id="{471c6e9d-299c-4bcb-aa2d-13e5fe4a6ddb}"/>
            <wheels left="M1###output###М1###" right="M2###output###М2###"/>
        </robot>
    </robots>
    <constraints>
        <timelimit value="360000"/>

        <constraint checkOnce="true" failMessage="У робота не должно быть лишних датчиков!">

            <conditions glue="and">
                <equals>
                    <typeOf objectId="robot1.A3"/>
                    <string value="undefined"/>
                </equals>
                <equals>
                    <typeOf objectId="robot1.A4"/>
                    <string value="undefined"/>
                </equals>
                <equals>
                    <typeOf objectId="robot1.A5"/>
                    <string value="undefined"/>
                </equals>
                <equals>
                    <typeOf objectId="robot1.A6"/>
                    <string value="undefined"/>
                </equals>
        
            </conditions>
        </constraint>

        <constraint checkOnce="true" failMessage="Робот должен находиться в зоне старта перед запуском!">
            <inside objectId="robot1" regionId="start"/>
        </constraint>

		<event settedUpInitially="true">
			<conditions glue = "and">
				<not>
					<inside objectId="robot1" regionId="finish"/>
				</not>
				<greater>
					<objectState object="robot1.display.labels.size"/>
					<int value="0"/>
				</greater>
				<equals>
					<objectState object="robot1.display.labels.first.text"/>
					<string value="finish"/>
				</equals>
			</conditions>
			<trigger>
				<fail message="cheating detected"/>
			</trigger>
		</event>

		<event settedUpInitially="true">
			<conditions glue = "and">
				<inside objectId="robot1" regionId="finish"/>
				<greater>
					<objectState object="robot1.display.labels.size"/>
					<int value="0"/>
				</greater>
				<equals>
					<objectState object="robot1.display.labels.first.text"/>
					<string value="finish"/>
				</equals>
			</conditions>
			<trigger>
				<success/>
			</trigger>
		</event>
    </constraints>
</root>
